"Status","Start Time","Stop Time","Duration in ms","Parent Suite","Suite","Sub Suite","Test Class","Test Method","Name","Description"
"passed","Tue Jan 03 12:32:39 IST 2023","Tue Jan 03 12:32:39 IST 2023","269","","Sales Order Get API","","","","GET - Block",""
"passed","Tue Jan 03 12:32:36 IST 2023","Tue Jan 03 12:32:36 IST 2023","219","","Sales Order Get API","","","","GET - DocumentStatus",""
"passed","Tue Jan 03 12:32:43 IST 2023","Tue Jan 03 12:32:43 IST 2023","195","","Sales Order Get API","","","","GET - ProductRateTemplateProduct",""
"passed","Tue Jan 03 12:32:40 IST 2023","Tue Jan 03 12:32:41 IST 2023","363","","Sales Order Get API","","","","GET - OrganisationRegn",""
"passed","Tue Jan 03 12:32:03 IST 2023","Tue Jan 03 12:32:35 IST 2023","32502","","Sales Order Get API","","","","GET - UserPermission",""
"passed","Tue Jan 03 12:32:42 IST 2023","Tue Jan 03 12:32:42 IST 2023","185","","Sales Order Get API","","","","GET - PartyGroupMember",""
"passed","Tue Jan 03 12:32:43 IST 2023","Tue Jan 03 12:32:43 IST 2023","284","","Sales Order Get API","","","","GET - TaxCategory",""
"passed","Tue Jan 03 12:32:41 IST 2023","Tue Jan 03 12:32:41 IST 2023","340","","Sales Order Get API","","","","GET - AccountGroup",""
"passed","Tue Jan 03 12:32:02 IST 2023","Tue Jan 03 12:32:03 IST 2023","245","","Sales Order Get API","","","","GET - EmployeeAttachment",""
"passed","Tue Jan 03 12:32:38 IST 2023","Tue Jan 03 12:32:38 IST 2023","250","","Sales Order Get API","","","","GET - DocumentSeries",""
"passed","Tue Jan 03 12:32:35 IST 2023","Tue Jan 03 12:32:36 IST 2023","367","","Sales Order Get API","","","","GET - Product",""
"passed","Tue Jan 03 12:32:42 IST 2023","Tue Jan 03 12:32:43 IST 2023","297","","Sales Order Get API","","","","GET - ProductRateTemplate",""
"passed","Tue Jan 03 12:32:39 IST 2023","Tue Jan 03 12:32:40 IST 2023","386","","Sales Order Get API","","","","GET - Country",""
"passed","Tue Jan 03 12:32:36 IST 2023","Tue Jan 03 12:32:37 IST 2023","195","","Sales Order Get API","","","","GET - District",""
"passed","Tue Jan 03 12:32:39 IST 2023","Tue Jan 03 12:32:39 IST 2023","380","","Sales Order Get API","","","","GET - UnitConversion",""
"passed","Tue Jan 03 12:32:37 IST 2023","Tue Jan 03 12:32:38 IST 2023","238","","Sales Order Get API","","","","GET - Area",""
"passed","Tue Jan 03 12:32:37 IST 2023","Tue Jan 03 12:32:37 IST 2023","329","","Sales Order Get API","","","","GET - State",""
"passed","Tue Jan 03 12:32:38 IST 2023","Tue Jan 03 12:32:38 IST 2023","372","","Sales Order Get API","","","","GET - Type",""
"passed","Tue Jan 03 12:32:41 IST 2023","Tue Jan 03 12:32:41 IST 2023","276","","Sales Order Get API","","","","GET - DocumentHead",""
"passed","Tue Jan 03 12:32:40 IST 2023","Tue Jan 03 12:32:40 IST 2023","336","","Sales Order Get API","","","","GET - Branch",""
"passed","Tue Jan 03 12:32:38 IST 2023","Tue Jan 03 12:32:39 IST 2023","245","","Sales Order Get API","","","","GET - Unit",""
"passed","Tue Jan 03 12:32:42 IST 2023","Tue Jan 03 12:32:42 IST 2023","226","","Sales Order Get API","","","","GET - Scheme",""
"passed","Tue Jan 03 12:32:41 IST 2023","Tue Jan 03 12:32:42 IST 2023","304","","Sales Order Get API","","","","GET - Order",""
"passed","Tue Jan 03 12:32:42 IST 2023","Tue Jan 03 12:32:42 IST 2023","292","","Sales Order Get API","","","","GET - ProductSetMember",""
"passed","Tue Jan 03 12:32:40 IST 2023","Tue Jan 03 12:32:40 IST 2023","280","","Sales Order Get API","","","","GET - Organisation",""
"passed","Tue Jan 03 12:32:01 IST 2023","Tue Jan 03 12:32:02 IST 2023","378","","Sales Order Get API","","","","GET - Application",""
"passed","Tue Jan 03 12:32:37 IST 2023","Tue Jan 03 12:32:37 IST 2023","234","","Sales Order Get API","","","","GET - City",""
"passed","Tue Jan 03 12:32:37 IST 2023","Tue Jan 03 12:32:37 IST 2023","223","","Sales Order Get API","","","","GET - Employee",""
"passed","Tue Jan 03 12:32:02 IST 2023","Tue Jan 03 12:32:02 IST 2023","224","","Sales Order Get API","","","","GET - OrganisationAttachment",""
"passed","Tue Jan 03 12:32:36 IST 2023","Tue Jan 03 12:32:36 IST 2023","436","","Sales Order Get API","","","","GET - Party",""
"passed","Tue Jan 03 12:32:03 IST 2023","Tue Jan 03 12:32:03 IST 2023","172","","Sales Order Get API","","","","GET - Configuration",""
